eu_sdg,dimension,dimension_label,unit,unit_label,geo,geo_label,time,obs_value,obs_status
06_40,NO3_MG_L,Nitrate in groundwater,MG_L,mg NO3 per litre,AT,Austria,2000,26.0116,
06_40,NO3_MG_L,Nitrate in groundwater,MG_L,mg NO3 per litre,AT,Austria,2001,25.6066,
06_40,NO3_MG_L,Nitrate in groundwater,MG_L,mg NO3 per litre,AT,Austria,2002,27.2587,
06_40,NO3_MG_L,Nitrate in groundwater,MG_L,mg NO3 per litre,AT,Austria,2003,26.8406,
06_40,NO3_MG_L,Nitrate in groundwater,MG_L,mg NO3 per litre,AT,Austria,2004,26.8026,
06_40,NO3_MG_L,Nitrate in groundwater,MG_L,mg NO3 per litre,AT,Austria,2005,25.895,
06_40,NO3_MG_L,Nitrate in groundwater,MG_L,mg NO3 per litre,AT,Austria,2006,26.2464,
06_40,NO3_MG_L,Nitrate in groundwater,MG_L,mg NO3 per litre,AT,Austria,2007,25.4612,
06_40,NO3_MG_L,Nitrate in groundwater,MG_L,mg NO3 per litre,AT,Austria,2008,24.7687,
06_40,NO3_MG_L,Nitrate in groundwater,MG_L,mg NO3 per litre,AT,Austria,2009,25.5224,
06_40,NO3_MG_L,Nitrate in groundwater,MG_L,mg NO3 per litre,AT,Austria,2010,26.3506,
06_40,NO3_MG_L,Nitrate in groundwater,MG_L,mg NO3 per litre,AT,Austria,2011,26.238,
06_40,NO3_MG_L,Nitrate in groundwater,MG_L,mg NO3 per litre,AT,Austria,2012,25.7652,
06_40,NO3_MG_L,Nitrate in groundwater,MG_L,mg NO3 per litre,AT,Austria,2013,24.6644,
06_40,NO3_MG_L,Nitrate in groundwater,MG_L,mg NO3 per litre,AT,Austria,2014,24.4964,
06_40,NO3_MG_L,Nitrate in groundwater,MG_L,mg NO3 per litre,AT,Austria,2015,23.9957,
06_40,NO3_MG_L,Nitrate in groundwater,MG_L,mg NO3 per litre,AT,Austria,2016,23.2279,
06_40,NO3_MG_L,Nitrate in groundwater,MG_L,mg NO3 per litre,AT,Austria,2017,22.8905,
06_40,NO3_MG_L,Nitrate in groundwater,MG_L,mg NO3 per litre,AT,Austria,2018,21.9262,
06_40,NO3_MG_L,Nitrate in groundwater,MG_L,mg NO3 per litre,AT,Austria,2019,21.8912,
06_40,NO3_MG_L,Nitrate in groundwater,MG_L,mg NO3 per litre,AT,Austria,2020,21.0045,
06_40,NO3_MG_L,Nitrate in groundwater,MG_L,mg NO3 per litre,AT,Austria,2021,22.2797,
06_40,NO3_MG_L,Nitrate in groundwater,MG_L,mg NO3 per litre,AT,Austria,2022,21.3611,
06_40,NO3_MG_L,Nitrate in groundwater,MG_L,mg NO3 per litre,BE,Belgium,2000,27.9119,
06_40,NO3_MG_L,Nitrate in groundwater,MG_L,mg NO3 per litre,BE,Belgium,2001,26.7925,
06_40,NO3_MG_L,Nitrate in groundwater,MG_L,mg NO3 per litre,BE,Belgium,2002,26.9608,
06_40,NO3_MG_L,Nitrate in groundwater,MG_L,mg NO3 per litre,BE,Belgium,2003,27.9027,
06_40,NO3_MG_L,Nitrate in groundwater,MG_L,mg NO3 per litre,BE,Belgium,2004,27.6476,
06_40,NO3_MG_L,Nitrate in groundwater,MG_L,mg NO3 per litre,BE,Belgium,2005,30.2541,
06_40,NO3_MG_L,Nitrate in groundwater,MG_L,mg NO3 per litre,BE,Belgium,2006,32.3728,
06_40,NO3_MG_L,Nitrate in groundwater,MG_L,mg NO3 per litre,BE,Belgium,2007,31.3645,
06_40,NO3_MG_L,Nitrate in groundwater,MG_L,mg NO3 per litre,BE,Belgium,2008,32.7298,
06_40,NO3_MG_L,Nitrate in groundwater,MG_L,mg NO3 per litre,BE,Belgium,2009,31.0066,
06_40,NO3_MG_L,Nitrate in groundwater,MG_L,mg NO3 per litre,BE,Belgium,2010,30.1949,
06_40,NO3_MG_L,Nitrate in groundwater,MG_L,mg NO3 per litre,BE,Belgium,2011,29.6499,
06_40,NO3_MG_L,Nitrate in groundwater,MG_L,mg NO3 per litre,BE,Belgium,2012,29.867,
06_40,NO3_MG_L,Nitrate in groundwater,MG_L,mg NO3 per litre,BE,Belgium,2013,28.4962,
06_40,NO3_MG_L,Nitrate in groundwater,MG_L,mg NO3 per litre,BE,Belgium,2014,28.2243,
06_40,NO3_MG_L,Nitrate in groundwater,MG_L,mg NO3 per litre,BE,Belgium,2015,27.897,
06_40,NO3_MG_L,Nitrate in groundwater,MG_L,mg NO3 per litre,BE,Belgium,2016,30.3405,
06_40,NO3_MG_L,Nitrate in groundwater,MG_L,mg NO3 per litre,BE,Belgium,2017,29.3837,
06_40,NO3_MG_L,Nitrate in groundwater,MG_L,mg NO3 per litre,BE,Belgium,2018,28.6308,
06_40,NO3_MG_L,Nitrate in groundwater,MG_L,mg NO3 per litre,BE,Belgium,2019,28.2486,
06_40,NO3_MG_L,Nitrate in groundwater,MG_L,mg NO3 per litre,BE,Belgium,2020,27.8988,
06_40,NO3_MG_L,Nitrate in groundwater,MG_L,mg NO3 per litre,BE,Belgium,2021,28.6445,
06_40,NO3_MG_L,Nitrate in groundwater,MG_L,mg NO3 per litre,BE,Belgium,2022,28.6445,
06_40,NO3_MG_L,Nitrate in groundwater,MG_L,mg NO3 per litre,BG,Bulgaria,2000,29.5207,
06_40,NO3_MG_L,Nitrate in groundwater,MG_L,mg NO3 per litre,BG,Bulgaria,2001,26.7347,
06_40,NO3_MG_L,Nitrate in groundwater,MG_L,mg NO3 per litre,BG,Bulgaria,2002,24.1015,
06_40,NO3_MG_L,Nitrate in groundwater,MG_L,mg NO3 per litre,BG,Bulgaria,2003,26.1053,
06_40,NO3_MG_L,Nitrate in groundwater,MG_L,mg NO3 per litre,BG,Bulgaria,2004,23.5673,
06_40,NO3_MG_L,Nitrate in groundwater,MG_L,mg NO3 per litre,BG,Bulgaria,2005,24.3386,
06_40,NO3_MG_L,Nitrate in groundwater,MG_L,mg NO3 per litre,BG,Bulgaria,2006,25.785,
06_40,NO3_MG_L,Nitrate in groundwater,MG_L,mg NO3 per litre,BG,Bulgaria,2007,26.0008,
06_40,NO3_MG_L,Nitrate in groundwater,MG_L,mg NO3 per litre,BG,Bulgaria,2008,25.8202,
06_40,NO3_MG_L,Nitrate in groundwater,MG_L,mg NO3 per litre,BG,Bulgaria,2009,27.1753,
06_40,NO3_MG_L,Nitrate in groundwater,MG_L,mg NO3 per litre,BG,Bulgaria,2010,25.1285,
06_40,NO3_MG_L,Nitrate in groundwater,MG_L,mg NO3 per litre,BG,Bulgaria,2011,25.0872,
06_40,NO3_MG_L,Nitrate in groundwater,MG_L,mg NO3 per litre,BG,Bulgaria,2012,28.051,
06_40,NO3_MG_L,Nitrate in groundwater,MG_L,mg NO3 per litre,BG,Bulgaria,2013,28.3082,
06_40,NO3_MG_L,Nitrate in groundwater,MG_L,mg NO3 per litre,BG,Bulgaria,2014,26.2267,
06_40,NO3_MG_L,Nitrate in groundwater,MG_L,mg NO3 per litre,BG,Bulgaria,2015,31.2587,
06_40,NO3_MG_L,Nitrate in groundwater,MG_L,mg NO3 per litre,BG,Bulgaria,2016,32.7576,
06_40,NO3_MG_L,Nitrate in groundwater,MG_L,mg NO3 per litre,BG,Bulgaria,2017,29.6804,
06_40,NO3_MG_L,Nitrate in groundwater,MG_L,mg NO3 per litre,BG,Bulgaria,2018,29.7871,
06_40,NO3_MG_L,Nitrate in groundwater,MG_L,mg NO3 per litre,BG,Bulgaria,2019,29.5628,
06_40,NO3_MG_L,Nitrate in groundwater,MG_L,mg NO3 per litre,BG,Bulgaria,2020,30.5551,
06_40,NO3_MG_L,Nitrate in groundwater,MG_L,mg NO3 per litre,BG,Bulgaria,2021,31.3638,
06_40,NO3_MG_L,Nitrate in groundwater,MG_L,mg NO3 per litre,BG,Bulgaria,2022,34.8906,
06_40,NO3_MG_L,Nitrate in groundwater,MG_L,mg NO3 per litre,CH,Switzerland,2000,15.7182,
06_40,NO3_MG_L,Nitrate in groundwater,MG_L,mg NO3 per litre,CH,Switzerland,2001,15.7203,
06_40,NO3_MG_L,Nitrate in groundwater,MG_L,mg NO3 per litre,CH,Switzerland,2002,15.7092,
06_40,NO3_MG_L,Nitrate in groundwater,MG_L,mg NO3 per litre,CH,Switzerland,2003,15.5034,
06_40,NO3_MG_L,Nitrate in groundwater,MG_L,mg NO3 per litre,CH,Switzerland,2004,16.685,
06_40,NO3_MG_L,Nitrate in groundwater,MG_L,mg NO3 per litre,CH,Switzerland,2005,16.3744,
06_40,NO3_MG_L,Nitrate in groundwater,MG_L,mg NO3 per litre,CH,Switzerland,2006,17.0937,
06_40,NO3_MG_L,Nitrate in groundwater,MG_L,mg NO3 per litre,CH,Switzerland,2007,16.4974,
06_40,NO3_MG_L,Nitrate in groundwater,MG_L,mg NO3 per litre,CH,Switzerland,2008,15.8631,
06_40,NO3_MG_L,Nitrate in groundwater,MG_L,mg NO3 per litre,CH,Switzerland,2009,15.7963,
06_40,NO3_MG_L,Nitrate in groundwater,MG_L,mg NO3 per litre,CH,Switzerland,2010,15.6913,
06_40,NO3_MG_L,Nitrate in groundwater,MG_L,mg NO3 per litre,CH,Switzerland,2011,15.2598,
06_40,NO3_MG_L,Nitrate in groundwater,MG_L,mg NO3 per litre,CH,Switzerland,2012,15.1344,
06_40,NO3_MG_L,Nitrate in groundwater,MG_L,mg NO3 per litre,CH,Switzerland,2013,16.1395,
06_40,NO3_MG_L,Nitrate in groundwater,MG_L,mg NO3 per litre,CH,Switzerland,2014,15.2296,
06_40,NO3_MG_L,Nitrate in groundwater,MG_L,mg NO3 per litre,CH,Switzerland,2015,14.7578,
06_40,NO3_MG_L,Nitrate in groundwater,MG_L,mg NO3 per litre,CH,Switzerland,2016,14.7025,
06_40,NO3_MG_L,Nitrate in groundwater,MG_L,mg NO3 per litre,CH,Switzerland,2017,13.9187,
06_40,NO3_MG_L,Nitrate in groundwater,MG_L,mg NO3 per litre,CH,Switzerland,2018,13.9084,
06_40,NO3_MG_L,Nitrate in groundwater,MG_L,mg NO3 per litre,CH,Switzerland,2019,14.2741,
06_40,NO3_MG_L,Nitrate in groundwater,MG_L,mg NO3 per litre,CH,Switzerland,2020,14.6489,
06_40,NO3_MG_L,Nitrate in groundwater,MG_L,mg NO3 per litre,CH,Switzerland,2021,15.2729,
06_40,NO3_MG_L,Nitrate in groundwater,MG_L,mg NO3 per litre,CH,Switzerland,2022,14.5259,
06_40,NO3_MG_L,Nitrate in groundwater,MG_L,mg NO3 per litre,CY,Cyprus,2000,14.6496,
06_40,NO3_MG_L,Nitrate in groundwater,MG_L,mg NO3 per litre,CY,Cyprus,2001,16.079,
06_40,NO3_MG_L,Nitrate in groundwater,MG_L,mg NO3 per litre,CY,Cyprus,2002,12.7939,
06_40,NO3_MG_L,Nitrate in groundwater,MG_L,mg NO3 per litre,CY,Cyprus,2003,18.9124,
06_40,NO3_MG_L,Nitrate in groundwater,MG_L,mg NO3 per litre,CY,Cyprus,2004,22.1838,
06_40,NO3_MG_L,Nitrate in groundwater,MG_L,mg NO3 per litre,CY,Cyprus,2005,27.6822,
06_40,NO3_MG_L,Nitrate in groundwater,MG_L,mg NO3 per litre,CY,Cyprus,2006,30.1377,
06_40,NO3_MG_L,Nitrate in groundwater,MG_L,mg NO3 per litre,CY,Cyprus,2007,38.2464,
06_40,NO3_MG_L,Nitrate in groundwater,MG_L,mg NO3 per litre,CY,Cyprus,2008,37.0453,
06_40,NO3_MG_L,Nitrate in groundwater,MG_L,mg NO3 per litre,CY,Cyprus,2009,41.5844,
06_40,NO3_MG_L,Nitrate in groundwater,MG_L,mg NO3 per litre,CY,Cyprus,2010,47.378,
06_40,NO3_MG_L,Nitrate in groundwater,MG_L,mg NO3 per litre,CY,Cyprus,2011,39.1373,
06_40,NO3_MG_L,Nitrate in groundwater,MG_L,mg NO3 per litre,CY,Cyprus,2012,41.1576,
06_40,NO3_MG_L,Nitrate in groundwater,MG_L,mg NO3 per litre,CY,Cyprus,2013,43.5717,
06_40,NO3_MG_L,Nitrate in groundwater,MG_L,mg NO3 per litre,CY,Cyprus,2014,62.4983,
06_40,NO3_MG_L,Nitrate in groundwater,MG_L,mg NO3 per litre,CY,Cyprus,2015,70.4782,
06_40,NO3_MG_L,Nitrate in groundwater,MG_L,mg NO3 per litre,CY,Cyprus,2016,97.6433,
06_40,NO3_MG_L,Nitrate in groundwater,MG_L,mg NO3 per litre,CY,Cyprus,2017,51.8515,
06_40,NO3_MG_L,Nitrate in groundwater,MG_L,mg NO3 per litre,CY,Cyprus,2018,55.2683,
06_40,NO3_MG_L,Nitrate in groundwater,MG_L,mg NO3 per litre,CY,Cyprus,2019,48.837,
06_40,NO3_MG_L,Nitrate in groundwater,MG_L,mg NO3 per litre,CY,Cyprus,2020,7.8385,
06_40,NO3_MG_L,Nitrate in groundwater,MG_L,mg NO3 per litre,CY,Cyprus,2021,7.8385,
06_40,NO3_MG_L,Nitrate in groundwater,MG_L,mg NO3 per litre,CY,Cyprus,2022,7.8385,
06_40,NO3_MG_L,Nitrate in groundwater,MG_L,mg NO3 per litre,CZ,Czechia,2000,23.3388,
06_40,NO3_MG_L,Nitrate in groundwater,MG_L,mg NO3 per litre,CZ,Czechia,2001,21.0694,
06_40,NO3_MG_L,Nitrate in groundwater,MG_L,mg NO3 per litre,CZ,Czechia,2002,19.7723,
06_40,NO3_MG_L,Nitrate in groundwater,MG_L,mg NO3 per litre,CZ,Czechia,2003,20.0582,
06_40,NO3_MG_L,Nitrate in groundwater,MG_L,mg NO3 per litre,CZ,Czechia,2004,19.6446,
06_40,NO3_MG_L,Nitrate in groundwater,MG_L,mg NO3 per litre,CZ,Czechia,2005,20.2235,
06_40,NO3_MG_L,Nitrate in groundwater,MG_L,mg NO3 per litre,CZ,Czechia,2006,20.4476,
06_40,NO3_MG_L,Nitrate in groundwater,MG_L,mg NO3 per litre,CZ,Czechia,2007,20.6525,
06_40,NO3_MG_L,Nitrate in groundwater,MG_L,mg NO3 per litre,CZ,Czechia,2008,19.1325,
06_40,NO3_MG_L,Nitrate in groundwater,MG_L,mg NO3 per litre,CZ,Czechia,2009,18.4812,
06_40,NO3_MG_L,Nitrate in groundwater,MG_L,mg NO3 per litre,CZ,Czechia,2010,19.5,
06_40,NO3_MG_L,Nitrate in groundwater,MG_L,mg NO3 per litre,CZ,Czechia,2011,18.9941,
06_40,NO3_MG_L,Nitrate in groundwater,MG_L,mg NO3 per litre,CZ,Czechia,2012,18.9999,
06_40,NO3_MG_L,Nitrate in groundwater,MG_L,mg NO3 per litre,CZ,Czechia,2013,18.477,
06_40,NO3_MG_L,Nitrate in groundwater,MG_L,mg NO3 per litre,CZ,Czechia,2014,18.4357,
06_40,NO3_MG_L,Nitrate in groundwater,MG_L,mg NO3 per litre,CZ,Czechia,2015,17.9536,
06_40,NO3_MG_L,Nitrate in groundwater,MG_L,mg NO3 per litre,CZ,Czechia,2016,18.8413,
06_40,NO3_MG_L,Nitrate in groundwater,MG_L,mg NO3 per litre,CZ,Czechia,2017,18.4157,
06_40,NO3_MG_L,Nitrate in groundwater,MG_L,mg NO3 per litre,CZ,Czechia,2018,17.9901,
06_40,NO3_MG_L,Nitrate in groundwater,MG_L,mg NO3 per litre,CZ,Czechia,2019,17.6824,
06_40,NO3_MG_L,Nitrate in groundwater,MG_L,mg NO3 per litre,CZ,Czechia,2020,18.689,
06_40,NO3_MG_L,Nitrate in groundwater,MG_L,mg NO3 per litre,CZ,Czechia,2021,18.4384,
06_40,NO3_MG_L,Nitrate in groundwater,MG_L,mg NO3 per litre,CZ,Czechia,2022,18.6126,
06_40,NO3_MG_L,Nitrate in groundwater,MG_L,mg NO3 per litre,DE,Germany,2000,24.9166,
06_40,NO3_MG_L,Nitrate in groundwater,MG_L,mg NO3 per litre,DE,Germany,2001,25.1952,
06_40,NO3_MG_L,Nitrate in groundwater,MG_L,mg NO3 per litre,DE,Germany,2002,24.8514,
06_40,NO3_MG_L,Nitrate in groundwater,MG_L,mg NO3 per litre,DE,Germany,2003,24.405,
06_40,NO3_MG_L,Nitrate in groundwater,MG_L,mg NO3 per litre,DE,Germany,2004,24.6828,
06_40,NO3_MG_L,Nitrate in groundwater,MG_L,mg NO3 per litre,DE,Germany,2005,24.8294,
06_40,NO3_MG_L,Nitrate in groundwater,MG_L,mg NO3 per litre,DE,Germany,2006,23.6801,
06_40,NO3_MG_L,Nitrate in groundwater,MG_L,mg NO3 per litre,DE,Germany,2007,22.8455,
06_40,NO3_MG_L,Nitrate in groundwater,MG_L,mg NO3 per litre,DE,Germany,2008,24.9202,
06_40,NO3_MG_L,Nitrate in groundwater,MG_L,mg NO3 per litre,DE,Germany,2009,23.9602,
06_40,NO3_MG_L,Nitrate in groundwater,MG_L,mg NO3 per litre,DE,Germany,2010,24.918,
06_40,NO3_MG_L,Nitrate in groundwater,MG_L,mg NO3 per litre,DE,Germany,2011,23.7902,
06_40,NO3_MG_L,Nitrate in groundwater,MG_L,mg NO3 per litre,DE,Germany,2012,23.8357,
06_40,NO3_MG_L,Nitrate in groundwater,MG_L,mg NO3 per litre,DE,Germany,2013,24.8227,
06_40,NO3_MG_L,Nitrate in groundwater,MG_L,mg NO3 per litre,DE,Germany,2014,25.8096,
06_40,NO3_MG_L,Nitrate in groundwater,MG_L,mg NO3 per litre,DE,Germany,2015,26.7966,
06_40,NO3_MG_L,Nitrate in groundwater,MG_L,mg NO3 per litre,DE,Germany,2016,27.7835,
06_40,NO3_MG_L,Nitrate in groundwater,MG_L,mg NO3 per litre,DE,Germany,2017,27.0742,
06_40,NO3_MG_L,Nitrate in groundwater,MG_L,mg NO3 per litre,DE,Germany,2018,26.8953,
06_40,NO3_MG_L,Nitrate in groundwater,MG_L,mg NO3 per litre,DE,Germany,2019,26.1662,
06_40,NO3_MG_L,Nitrate in groundwater,MG_L,mg NO3 per litre,DE,Germany,2020,24.8665,
06_40,NO3_MG_L,Nitrate in groundwater,MG_L,mg NO3 per litre,DE,Germany,2021,24.0291,
06_40,NO3_MG_L,Nitrate in groundwater,MG_L,mg NO3 per litre,DE,Germany,2022,23.7393,
06_40,NO3_MG_L,Nitrate in groundwater,MG_L,mg NO3 per litre,DK,Denmark,2000,51.5249,
06_40,NO3_MG_L,Nitrate in groundwater,MG_L,mg NO3 per litre,DK,Denmark,2001,53.3513,
06_40,NO3_MG_L,Nitrate in groundwater,MG_L,mg NO3 per litre,DK,Denmark,2002,47.6061,
06_40,NO3_MG_L,Nitrate in groundwater,MG_L,mg NO3 per litre,DK,Denmark,2003,43.5178,
06_40,NO3_MG_L,Nitrate in groundwater,MG_L,mg NO3 per litre,DK,Denmark,2004,41.6943,
06_40,NO3_MG_L,Nitrate in groundwater,MG_L,mg NO3 per litre,DK,Denmark,2005,39.923,
06_40,NO3_MG_L,Nitrate in groundwater,MG_L,mg NO3 per litre,DK,Denmark,2006,36.2947,
06_40,NO3_MG_L,Nitrate in groundwater,MG_L,mg NO3 per litre,DK,Denmark,2007,38.7574,
06_40,NO3_MG_L,Nitrate in groundwater,MG_L,mg NO3 per litre,DK,Denmark,2008,40.5949,
06_40,NO3_MG_L,Nitrate in groundwater,MG_L,mg NO3 per litre,DK,Denmark,2009,36.9542,
06_40,NO3_MG_L,Nitrate in groundwater,MG_L,mg NO3 per litre,DK,Denmark,2010,40.375,
06_40,NO3_MG_L,Nitrate in groundwater,MG_L,mg NO3 per litre,DK,Denmark,2011,38.95,
06_40,NO3_MG_L,Nitrate in groundwater,MG_L,mg NO3 per litre,DK,Denmark,2012,46.425,
06_40,NO3_MG_L,Nitrate in groundwater,MG_L,mg NO3 per litre,DK,Denmark,2013,40.7647,
06_40,NO3_MG_L,Nitrate in groundwater,MG_L,mg NO3 per litre,DK,Denmark,2014,41.317,
06_40,NO3_MG_L,Nitrate in groundwater,MG_L,mg NO3 per litre,DK,Denmark,2015,31.5683,
06_40,NO3_MG_L,Nitrate in groundwater,MG_L,mg NO3 per litre,DK,Denmark,2016,14.6472,
06_40,NO3_MG_L,Nitrate in groundwater,MG_L,mg NO3 per litre,DK,Denmark,2017,15.4456,
06_40,NO3_MG_L,Nitrate in groundwater,MG_L,mg NO3 per litre,DK,Denmark,2018,28.0184,
06_40,NO3_MG_L,Nitrate in groundwater,MG_L,mg NO3 per litre,DK,Denmark,2019,15.952,
06_40,NO3_MG_L,Nitrate in groundwater,MG_L,mg NO3 per litre,DK,Denmark,2020,28.1062,
06_40,NO3_MG_L,Nitrate in groundwater,MG_L,mg NO3 per litre,DK,Denmark,2021,15.0621,
06_40,NO3_MG_L,Nitrate in groundwater,MG_L,mg NO3 per litre,DK,Denmark,2022,26.7309,
06_40,NO3_MG_L,Nitrate in groundwater,MG_L,mg NO3 per litre,EE,Estonia,2000,7.07634,
06_40,NO3_MG_L,Nitrate in groundwater,MG_L,mg NO3 per litre,EE,Estonia,2001,5.39445,
06_40,NO3_MG_L,Nitrate in groundwater,MG_L,mg NO3 per litre,EE,Estonia,2002,4.44877,
06_40,NO3_MG_L,Nitrate in groundwater,MG_L,mg NO3 per litre,EE,Estonia,2003,5.92443,
06_40,NO3_MG_L,Nitrate in groundwater,MG_L,mg NO3 per litre,EE,Estonia,2004,2.55674,
06_40,NO3_MG_L,Nitrate in groundwater,MG_L,mg NO3 per litre,EE,Estonia,2005,4.74494,
06_40,NO3_MG_L,Nitrate in groundwater,MG_L,mg NO3 per litre,EE,Estonia,2006,5.922,
06_40,NO3_MG_L,Nitrate in groundwater,MG_L,mg NO3 per litre,EE,Estonia,2007,5.977,
06_40,NO3_MG_L,Nitrate in groundwater,MG_L,mg NO3 per litre,EE,Estonia,2008,9.66141,
06_40,NO3_MG_L,Nitrate in groundwater,MG_L,mg NO3 per litre,EE,Estonia,2009,8.07227,
06_40,NO3_MG_L,Nitrate in groundwater,MG_L,mg NO3 per litre,EE,Estonia,2010,6.51519,
06_40,NO3_MG_L,Nitrate in groundwater,MG_L,mg NO3 per litre,EE,Estonia,2011,7.59099,
06_40,NO3_MG_L,Nitrate in groundwater,MG_L,mg NO3 per litre,EE,Estonia,2012,9.52894,
06_40,NO3_MG_L,Nitrate in groundwater,MG_L,mg NO3 per litre,EE,Estonia,2013,7.81408,
06_40,NO3_MG_L,Nitrate in groundwater,MG_L,mg NO3 per litre,EE,Estonia,2014,7.02416,
06_40,NO3_MG_L,Nitrate in groundwater,MG_L,mg NO3 per litre,EE,Estonia,2015,8.38273,
06_40,NO3_MG_L,Nitrate in groundwater,MG_L,mg NO3 per litre,EE,Estonia,2016,8.50833,
06_40,NO3_MG_L,Nitrate in groundwater,MG_L,mg NO3 per litre,EE,Estonia,2017,8.01979,
06_40,NO3_MG_L,Nitrate in groundwater,MG_L,mg NO3 per litre,EE,Estonia,2018,8.04365,
06_40,NO3_MG_L,Nitrate in groundwater,MG_L,mg NO3 per litre,EE,Estonia,2019,8.38629,
06_40,NO3_MG_L,Nitrate in groundwater,MG_L,mg NO3 per litre,EE,Estonia,2020,6.36244,
06_40,NO3_MG_L,Nitrate in groundwater,MG_L,mg NO3 per litre,EE,Estonia,2021,7.28012,
06_40,NO3_MG_L,Nitrate in groundwater,MG_L,mg NO3 per litre,EE,Estonia,2022,7.28012,
06_40,NO3_MG_L,Nitrate in groundwater,MG_L,mg NO3 per litre,ES,Spain,2000,54.2455,
06_40,NO3_MG_L,Nitrate in groundwater,MG_L,mg NO3 per litre,ES,Spain,2001,54.7715,
06_40,NO3_MG_L,Nitrate in groundwater,MG_L,mg NO3 per litre,ES,Spain,2002,55.2975,
06_40,NO3_MG_L,Nitrate in groundwater,MG_L,mg NO3 per litre,ES,Spain,2003,55.8235,
06_40,NO3_MG_L,Nitrate in groundwater,MG_L,mg NO3 per litre,ES,Spain,2004,57.0866,
06_40,NO3_MG_L,Nitrate in groundwater,MG_L,mg NO3 per litre,ES,Spain,2005,56.1616,
06_40,NO3_MG_L,Nitrate in groundwater,MG_L,mg NO3 per litre,ES,Spain,2006,52.845,
06_40,NO3_MG_L,Nitrate in groundwater,MG_L,mg NO3 per litre,ES,Spain,2007,61.7264,
06_40,NO3_MG_L,Nitrate in groundwater,MG_L,mg NO3 per litre,ES,Spain,2008,48.5557,
06_40,NO3_MG_L,Nitrate in groundwater,MG_L,mg NO3 per litre,ES,Spain,2009,48.9697,
06_40,NO3_MG_L,Nitrate in groundwater,MG_L,mg NO3 per litre,ES,Spain,2010,48.8927,
06_40,NO3_MG_L,Nitrate in groundwater,MG_L,mg NO3 per litre,ES,Spain,2011,56.876,
06_40,NO3_MG_L,Nitrate in groundwater,MG_L,mg NO3 per litre,ES,Spain,2012,55.5115,
06_40,NO3_MG_L,Nitrate in groundwater,MG_L,mg NO3 per litre,ES,Spain,2013,54.8299,
06_40,NO3_MG_L,Nitrate in groundwater,MG_L,mg NO3 per litre,ES,Spain,2014,54.1482,
06_40,NO3_MG_L,Nitrate in groundwater,MG_L,mg NO3 per litre,ES,Spain,2015,53.4666,
06_40,NO3_MG_L,Nitrate in groundwater,MG_L,mg NO3 per litre,ES,Spain,2016,52.785,
06_40,NO3_MG_L,Nitrate in groundwater,MG_L,mg NO3 per litre,ES,Spain,2017,57.2613,
06_40,NO3_MG_L,Nitrate in groundwater,MG_L,mg NO3 per litre,ES,Spain,2018,52.8897,
06_40,NO3_MG_L,Nitrate in groundwater,MG_L,mg NO3 per litre,ES,Spain,2019,49.8807,
06_40,NO3_MG_L,Nitrate in groundwater,MG_L,mg NO3 per litre,ES,Spain,2020,44.0962,
06_40,NO3_MG_L,Nitrate in groundwater,MG_L,mg NO3 per litre,ES,Spain,2021,42.4614,
06_40,NO3_MG_L,Nitrate in groundwater,MG_L,mg NO3 per litre,ES,Spain,2022,49.7561,
06_40,NO3_MG_L,Nitrate in groundwater,MG_L,mg NO3 per litre,EU_V,European Union (aggregate changing according to the context),2000,21.2286,
06_40,NO3_MG_L,Nitrate in groundwater,MG_L,mg NO3 per litre,EU_V,European Union (aggregate changing according to the context),2001,21.0913,
06_40,NO3_MG_L,Nitrate in groundwater,MG_L,mg NO3 per litre,EU_V,European Union (aggregate changing according to the context),2002,20.5924,
06_40,NO3_MG_L,Nitrate in groundwater,MG_L,mg NO3 per litre,EU_V,European Union (aggregate changing according to the context),2003,20.9052,
06_40,NO3_MG_L,Nitrate in groundwater,MG_L,mg NO3 per litre,EU_V,European Union (aggregate changing according to the context),2004,20.7902,
06_40,NO3_MG_L,Nitrate in groundwater,MG_L,mg NO3 per litre,EU_V,European Union (aggregate changing according to the context),2005,20.8577,
06_40,NO3_MG_L,Nitrate in groundwater,MG_L,mg NO3 per litre,EU_V,European Union (aggregate changing according to the context),2006,20.881,
06_40,NO3_MG_L,Nitrate in groundwater,MG_L,mg NO3 per litre,EU_V,European Union (aggregate changing according to the context),2007,21.2694,
06_40,NO3_MG_L,Nitrate in groundwater,MG_L,mg NO3 per litre,EU_V,European Union (aggregate changing according to the context),2008,21.3943,
06_40,NO3_MG_L,Nitrate in groundwater,MG_L,mg NO3 per litre,EU_V,European Union (aggregate changing according to the context),2009,21.1023,
06_40,NO3_MG_L,Nitrate in groundwater,MG_L,mg NO3 per litre,EU_V,European Union (aggregate changing according to the context),2010,21.5594,
06_40,NO3_MG_L,Nitrate in groundwater,MG_L,mg NO3 per litre,EU_V,European Union (aggregate changing according to the context),2011,20.7149,
06_40,NO3_MG_L,Nitrate in groundwater,MG_L,mg NO3 per litre,EU_V,European Union (aggregate changing according to the context),2012,21.34,
06_40,NO3_MG_L,Nitrate in groundwater,MG_L,mg NO3 per litre,EU_V,European Union (aggregate changing according to the context),2013,21.2153,
06_40,NO3_MG_L,Nitrate in groundwater,MG_L,mg NO3 per litre,EU_V,European Union (aggregate changing according to the context),2014,21.3222,
06_40,NO3_MG_L,Nitrate in groundwater,MG_L,mg NO3 per litre,EU_V,European Union (aggregate changing according to the context),2015,21.3484,
06_40,NO3_MG_L,Nitrate in groundwater,MG_L,mg NO3 per litre,EU_V,European Union (aggregate changing according to the context),2016,21.6391,
06_40,NO3_MG_L,Nitrate in groundwater,MG_L,mg NO3 per litre,EU_V,European Union (aggregate changing according to the context),2017,21.0572,
06_40,NO3_MG_L,Nitrate in groundwater,MG_L,mg NO3 per litre,EU_V,European Union (aggregate changing according to the context),2018,21.1803,
06_40,NO3_MG_L,Nitrate in groundwater,MG_L,mg NO3 per litre,EU_V,European Union (aggregate changing according to the context),2019,20.8223,
06_40,NO3_MG_L,Nitrate in groundwater,MG_L,mg NO3 per litre,EU_V,European Union (aggregate changing according to the context),2020,20.4316,
06_40,NO3_MG_L,Nitrate in groundwater,MG_L,mg NO3 per litre,EU_V,European Union (aggregate changing according to the context),2021,20.5884,
06_40,NO3_MG_L,Nitrate in groundwater,MG_L,mg NO3 per litre,EU_V,European Union (aggregate changing according to the context),2022,20.6457,
06_40,NO3_MG_L,Nitrate in groundwater,MG_L,mg NO3 per litre,FI,Finland,2000,0.587219,
06_40,NO3_MG_L,Nitrate in groundwater,MG_L,mg NO3 per litre,FI,Finland,2001,0.42425,
06_40,NO3_MG_L,Nitrate in groundwater,MG_L,mg NO3 per litre,FI,Finland,2002,0.316281,
06_40,NO3_MG_L,Nitrate in groundwater,MG_L,mg NO3 per litre,FI,Finland,2003,0.3325,
06_40,NO3_MG_L,Nitrate in groundwater,MG_L,mg NO3 per litre,FI,Finland,2004,0.358125,
06_40,NO3_MG_L,Nitrate in groundwater,MG_L,mg NO3 per litre,FI,Finland,2005,0.426563,
06_40,NO3_MG_L,Nitrate in groundwater,MG_L,mg NO3 per litre,FI,Finland,2006,0.495,
06_40,NO3_MG_L,Nitrate in groundwater,MG_L,mg NO3 per litre,FI,Finland,2007,0.5725,
06_40,NO3_MG_L,Nitrate in groundwater,MG_L,mg NO3 per litre,FI,Finland,2008,0.42,
06_40,NO3_MG_L,Nitrate in groundwater,MG_L,mg NO3 per litre,FI,Finland,2009,0.24125,
06_40,NO3_MG_L,Nitrate in groundwater,MG_L,mg NO3 per litre,FI,Finland,2010,0.264602,
06_40,NO3_MG_L,Nitrate in groundwater,MG_L,mg NO3 per litre,FI,Finland,2011,0.237954,
06_40,NO3_MG_L,Nitrate in groundwater,MG_L,mg NO3 per litre,FI,Finland,2012,0.373807,
06_40,NO3_MG_L,Nitrate in groundwater,MG_L,mg NO3 per litre,FI,Finland,2013,0.703447,
06_40,NO3_MG_L,Nitrate in groundwater,MG_L,mg NO3 per litre,FI,Finland,2014,0.793458,
06_40,NO3_MG_L,Nitrate in groundwater,MG_L,mg NO3 per litre,FI,Finland,2015,0.602461,
06_40,NO3_MG_L,Nitrate in groundwater,MG_L,mg NO3 per litre,FI,Finland,2016,0.410836,
06_40,NO3_MG_L,Nitrate in groundwater,MG_L,mg NO3 per litre,FI,Finland,2017,0.340587,
06_40,NO3_MG_L,Nitrate in groundwater,MG_L,mg NO3 per litre,FI,Finland,2018,0.352511,
06_40,NO3_MG_L,Nitrate in groundwater,MG_L,mg NO3 per litre,FI,Finland,2019,0.21726,
06_40,NO3_MG_L,Nitrate in groundwater,MG_L,mg NO3 per litre,FI,Finland,2020,0.242712,
06_40,NO3_MG_L,Nitrate in groundwater,MG_L,mg NO3 per litre,FI,Finland,2021,0.159097,
06_40,NO3_MG_L,Nitrate in groundwater,MG_L,mg NO3 per litre,FI,Finland,2022,0.159097,
06_40,NO3_MG_L,Nitrate in groundwater,MG_L,mg NO3 per litre,FR,France,2000,18.3421,
06_40,NO3_MG_L,Nitrate in groundwater,MG_L,mg NO3 per litre,FR,France,2001,18.6166,
06_40,NO3_MG_L,Nitrate in groundwater,MG_L,mg NO3 per litre,FR,France,2002,18.1187,
06_40,NO3_MG_L,Nitrate in groundwater,MG_L,mg NO3 per litre,FR,France,2003,18.7235,
06_40,NO3_MG_L,Nitrate in groundwater,MG_L,mg NO3 per litre,FR,France,2004,18.3701,
06_40,NO3_MG_L,Nitrate in groundwater,MG_L,mg NO3 per litre,FR,France,2005,18.1657,
06_40,NO3_MG_L,Nitrate in groundwater,MG_L,mg NO3 per litre,FR,France,2006,18.2255,
06_40,NO3_MG_L,Nitrate in groundwater,MG_L,mg NO3 per litre,FR,France,2007,18.9399,
06_40,NO3_MG_L,Nitrate in groundwater,MG_L,mg NO3 per litre,FR,France,2008,19.5619,
06_40,NO3_MG_L,Nitrate in groundwater,MG_L,mg NO3 per litre,FR,France,2009,19.5937,
06_40,NO3_MG_L,Nitrate in groundwater,MG_L,mg NO3 per litre,FR,France,2010,19.7765,
06_40,NO3_MG_L,Nitrate in groundwater,MG_L,mg NO3 per litre,FR,France,2011,18.6251,
06_40,NO3_MG_L,Nitrate in groundwater,MG_L,mg NO3 per litre,FR,France,2012,19.7732,
06_40,NO3_MG_L,Nitrate in groundwater,MG_L,mg NO3 per litre,FR,France,2013,19.3233,
06_40,NO3_MG_L,Nitrate in groundwater,MG_L,mg NO3 per litre,FR,France,2014,18.894,
06_40,NO3_MG_L,Nitrate in groundwater,MG_L,mg NO3 per litre,FR,France,2015,18.1696,
06_40,NO3_MG_L,Nitrate in groundwater,MG_L,mg NO3 per litre,FR,France,2016,18.0704,
06_40,NO3_MG_L,Nitrate in groundwater,MG_L,mg NO3 per litre,FR,France,2017,17.9713,
06_40,NO3_MG_L,Nitrate in groundwater,MG_L,mg NO3 per litre,FR,France,2018,18.5172,
06_40,NO3_MG_L,Nitrate in groundwater,MG_L,mg NO3 per litre,FR,France,2019,18.2924,
06_40,NO3_MG_L,Nitrate in groundwater,MG_L,mg NO3 per litre,FR,France,2020,18.5078,
06_40,NO3_MG_L,Nitrate in groundwater,MG_L,mg NO3 per litre,FR,France,2021,19.2725,
06_40,NO3_MG_L,Nitrate in groundwater,MG_L,mg NO3 per litre,FR,France,2022,18.5688,
06_40,NO3_MG_L,Nitrate in groundwater,MG_L,mg NO3 per litre,IE,Ireland,2000,15.659,
06_40,NO3_MG_L,Nitrate in groundwater,MG_L,mg NO3 per litre,IE,Ireland,2001,15.7887,
06_40,NO3_MG_L,Nitrate in groundwater,MG_L,mg NO3 per litre,IE,Ireland,2002,16.3989,
06_40,NO3_MG_L,Nitrate in groundwater,MG_L,mg NO3 per litre,IE,Ireland,2003,15.876,
06_40,NO3_MG_L,Nitrate in groundwater,MG_L,mg NO3 per litre,IE,Ireland,2004,16.8939,
06_40,NO3_MG_L,Nitrate in groundwater,MG_L,mg NO3 per litre,IE,Ireland,2005,16.4602,
06_40,NO3_MG_L,Nitrate in groundwater,MG_L,mg NO3 per litre,IE,Ireland,2006,16.6527,
06_40,NO3_MG_L,Nitrate in groundwater,MG_L,mg NO3 per litre,IE,Ireland,2007,16.7123,
06_40,NO3_MG_L,Nitrate in groundwater,MG_L,mg NO3 per litre,IE,Ireland,2008,13.0474,
06_40,NO3_MG_L,Nitrate in groundwater,MG_L,mg NO3 per litre,IE,Ireland,2009,10.988,
06_40,NO3_MG_L,Nitrate in groundwater,MG_L,mg NO3 per litre,IE,Ireland,2010,13.453,
06_40,NO3_MG_L,Nitrate in groundwater,MG_L,mg NO3 per litre,IE,Ireland,2011,13.327,
06_40,NO3_MG_L,Nitrate in groundwater,MG_L,mg NO3 per litre,IE,Ireland,2012,11.7639,
06_40,NO3_MG_L,Nitrate in groundwater,MG_L,mg NO3 per litre,IE,Ireland,2013,11.8272,
06_40,NO3_MG_L,Nitrate in groundwater,MG_L,mg NO3 per litre,IE,Ireland,2014,14.1021,
06_40,NO3_MG_L,Nitrate in groundwater,MG_L,mg NO3 per litre,IE,Ireland,2015,13.969,
06_40,NO3_MG_L,Nitrate in groundwater,MG_L,mg NO3 per litre,IE,Ireland,2016,12.4797,
06_40,NO3_MG_L,Nitrate in groundwater,MG_L,mg NO3 per litre,IE,Ireland,2017,12.7181,
06_40,NO3_MG_L,Nitrate in groundwater,MG_L,mg NO3 per litre,IE,Ireland,2018,12.6276,
06_40,NO3_MG_L,Nitrate in groundwater,MG_L,mg NO3 per litre,IE,Ireland,2019,14.2941,
06_40,NO3_MG_L,Nitrate in groundwater,MG_L,mg NO3 per litre,IE,Ireland,2020,13.7717,
06_40,NO3_MG_L,Nitrate in groundwater,MG_L,mg NO3 per litre,IE,Ireland,2021,13.1617,
06_40,NO3_MG_L,Nitrate in groundwater,MG_L,mg NO3 per litre,IE,Ireland,2022,13.8134,
06_40,NO3_MG_L,Nitrate in groundwater,MG_L,mg NO3 per litre,IT,Italy,2000,18.6211,
06_40,NO3_MG_L,Nitrate in groundwater,MG_L,mg NO3 per litre,IT,Italy,2001,18.6211,
06_40,NO3_MG_L,Nitrate in groundwater,MG_L,mg NO3 per litre,IT,Italy,2002,17.4175,
06_40,NO3_MG_L,Nitrate in groundwater,MG_L,mg NO3 per litre,IT,Italy,2003,14.5419,
06_40,NO3_MG_L,Nitrate in groundwater,MG_L,mg NO3 per litre,IT,Italy,2004,16.3248,
06_40,NO3_MG_L,Nitrate in groundwater,MG_L,mg NO3 per litre,IT,Italy,2005,16.9433,
06_40,NO3_MG_L,Nitrate in groundwater,MG_L,mg NO3 per litre,IT,Italy,2006,18.5016,
06_40,NO3_MG_L,Nitrate in groundwater,MG_L,mg NO3 per litre,IT,Italy,2007,18.9332,
06_40,NO3_MG_L,Nitrate in groundwater,MG_L,mg NO3 per litre,IT,Italy,2008,22.3936,
06_40,NO3_MG_L,Nitrate in groundwater,MG_L,mg NO3 per litre,IT,Italy,2009,25.7585,
06_40,NO3_MG_L,Nitrate in groundwater,MG_L,mg NO3 per litre,IT,Italy,2010,16.3157,
06_40,NO3_MG_L,Nitrate in groundwater,MG_L,mg NO3 per litre,IT,Italy,2011,20.9321,
06_40,NO3_MG_L,Nitrate in groundwater,MG_L,mg NO3 per litre,IT,Italy,2012,19.1368,
06_40,NO3_MG_L,Nitrate in groundwater,MG_L,mg NO3 per litre,IT,Italy,2013,21.0903,
06_40,NO3_MG_L,Nitrate in groundwater,MG_L,mg NO3 per litre,IT,Italy,2014,23.0438,
06_40,NO3_MG_L,Nitrate in groundwater,MG_L,mg NO3 per litre,IT,Italy,2015,22.8177,
06_40,NO3_MG_L,Nitrate in groundwater,MG_L,mg NO3 per litre,IT,Italy,2016,20.9527,
06_40,NO3_MG_L,Nitrate in groundwater,MG_L,mg NO3 per litre,IT,Italy,2017,19.9808,
06_40,NO3_MG_L,Nitrate in groundwater,MG_L,mg NO3 per litre,IT,Italy,2018,19.009,
06_40,NO3_MG_L,Nitrate in groundwater,MG_L,mg NO3 per litre,IT,Italy,2019,18.6533,
06_40,NO3_MG_L,Nitrate in groundwater,MG_L,mg NO3 per litre,IT,Italy,2020,18.2976,
06_40,NO3_MG_L,Nitrate in groundwater,MG_L,mg NO3 per litre,IT,Italy,2021,17.9418,
06_40,NO3_MG_L,Nitrate in groundwater,MG_L,mg NO3 per litre,IT,Italy,2022,19.3778,
06_40,NO3_MG_L,Nitrate in groundwater,MG_L,mg NO3 per litre,LV,Latvia,2000,0.194382,
06_40,NO3_MG_L,Nitrate in groundwater,MG_L,mg NO3 per litre,LV,Latvia,2001,0.174884,
06_40,NO3_MG_L,Nitrate in groundwater,MG_L,mg NO3 per litre,LV,Latvia,2002,0.459169,
06_40,NO3_MG_L,Nitrate in groundwater,MG_L,mg NO3 per litre,LV,Latvia,2003,0.114781,
06_40,NO3_MG_L,Nitrate in groundwater,MG_L,mg NO3 per litre,LV,Latvia,2004,1.22522,
06_40,NO3_MG_L,Nitrate in groundwater,MG_L,mg NO3 per litre,LV,Latvia,2005,0.8565,
06_40,NO3_MG_L,Nitrate in groundwater,MG_L,mg NO3 per litre,LV,Latvia,2006,1.36209,
06_40,NO3_MG_L,Nitrate in groundwater,MG_L,mg NO3 per litre,LV,Latvia,2007,6.2115,
06_40,NO3_MG_L,Nitrate in groundwater,MG_L,mg NO3 per litre,LV,Latvia,2008,6.64111,
06_40,NO3_MG_L,Nitrate in groundwater,MG_L,mg NO3 per litre,LV,Latvia,2009,7.05891,
06_40,NO3_MG_L,Nitrate in groundwater,MG_L,mg NO3 per litre,LV,Latvia,2010,6.01195,
06_40,NO3_MG_L,Nitrate in groundwater,MG_L,mg NO3 per litre,LV,Latvia,2011,4.96498,
06_40,NO3_MG_L,Nitrate in groundwater,MG_L,mg NO3 per litre,LV,Latvia,2012,3.91802,
06_40,NO3_MG_L,Nitrate in groundwater,MG_L,mg NO3 per litre,LV,Latvia,2013,2.87106,
06_40,NO3_MG_L,Nitrate in groundwater,MG_L,mg NO3 per litre,LV,Latvia,2014,5.10173,
06_40,NO3_MG_L,Nitrate in groundwater,MG_L,mg NO3 per litre,LV,Latvia,2015,3.91527,
06_40,NO3_MG_L,Nitrate in groundwater,MG_L,mg NO3 per litre,LV,Latvia,2016,4.85277,
06_40,NO3_MG_L,Nitrate in groundwater,MG_L,mg NO3 per litre,LV,Latvia,2017,4.54213,
06_40,NO3_MG_L,Nitrate in groundwater,MG_L,mg NO3 per litre,LV,Latvia,2018,3.26702,
06_40,NO3_MG_L,Nitrate in groundwater,MG_L,mg NO3 per litre,LV,Latvia,2019,3.6243,
06_40,NO3_MG_L,Nitrate in groundwater,MG_L,mg NO3 per litre,LV,Latvia,2020,3.3332,
06_40,NO3_MG_L,Nitrate in groundwater,MG_L,mg NO3 per litre,LV,Latvia,2021,3.37583,
06_40,NO3_MG_L,Nitrate in groundwater,MG_L,mg NO3 per litre,LV,Latvia,2022,4.4945,
06_40,NO3_MG_L,Nitrate in groundwater,MG_L,mg NO3 per litre,MT,Malta,2000,51.1137,
06_40,NO3_MG_L,Nitrate in groundwater,MG_L,mg NO3 per litre,MT,Malta,2001,51.1137,
06_40,NO3_MG_L,Nitrate in groundwater,MG_L,mg NO3 per litre,MT,Malta,2002,51.1137,
06_40,NO3_MG_L,Nitrate in groundwater,MG_L,mg NO3 per litre,MT,Malta,2003,49.175,
06_40,NO3_MG_L,Nitrate in groundwater,MG_L,mg NO3 per litre,MT,Malta,2004,53.99,
06_40,NO3_MG_L,Nitrate in groundwater,MG_L,mg NO3 per litre,MT,Malta,2005,54.635,
06_40,NO3_MG_L,Nitrate in groundwater,MG_L,mg NO3 per litre,MT,Malta,2006,54.92,
06_40,NO3_MG_L,Nitrate in groundwater,MG_L,mg NO3 per litre,MT,Malta,2007,51.58,
06_40,NO3_MG_L,Nitrate in groundwater,MG_L,mg NO3 per litre,MT,Malta,2008,48.315,
06_40,NO3_MG_L,Nitrate in groundwater,MG_L,mg NO3 per litre,MT,Malta,2009,53.0383,
06_40,NO3_MG_L,Nitrate in groundwater,MG_L,mg NO3 per litre,MT,Malta,2010,57.7617,
06_40,NO3_MG_L,Nitrate in groundwater,MG_L,mg NO3 per litre,MT,Malta,2011,62.485,
06_40,NO3_MG_L,Nitrate in groundwater,MG_L,mg NO3 per litre,MT,Malta,2012,63.625,
06_40,NO3_MG_L,Nitrate in groundwater,MG_L,mg NO3 per litre,MT,Malta,2013,59.745,
06_40,NO3_MG_L,Nitrate in groundwater,MG_L,mg NO3 per litre,MT,Malta,2014,59.795,
06_40,NO3_MG_L,Nitrate in groundwater,MG_L,mg NO3 per litre,MT,Malta,2015,59.845,
06_40,NO3_MG_L,Nitrate in groundwater,MG_L,mg NO3 per litre,MT,Malta,2016,59.895,
06_40,NO3_MG_L,Nitrate in groundwater,MG_L,mg NO3 per litre,MT,Malta,2017,59.945,
06_40,NO3_MG_L,Nitrate in groundwater,MG_L,mg NO3 per litre,MT,Malta,2018,53.38,
06_40,NO3_MG_L,Nitrate in groundwater,MG_L,mg NO3 per litre,MT,Malta,2019,59.425,
06_40,NO3_MG_L,Nitrate in groundwater,MG_L,mg NO3 per litre,MT,Malta,2020,59.2125,
06_40,NO3_MG_L,Nitrate in groundwater,MG_L,mg NO3 per litre,MT,Malta,2021,59,
06_40,NO3_MG_L,Nitrate in groundwater,MG_L,mg NO3 per litre,MT,Malta,2022,58.207,
06_40,NO3_MG_L,Nitrate in groundwater,MG_L,mg NO3 per litre,PT,Portugal,2000,24.0072,
06_40,NO3_MG_L,Nitrate in groundwater,MG_L,mg NO3 per litre,PT,Portugal,2001,20.0926,
06_40,NO3_MG_L,Nitrate in groundwater,MG_L,mg NO3 per litre,PT,Portugal,2002,24.4176,
06_40,NO3_MG_L,Nitrate in groundwater,MG_L,mg NO3 per litre,PT,Portugal,2003,26.6627,
06_40,NO3_MG_L,Nitrate in groundwater,MG_L,mg NO3 per litre,PT,Portugal,2004,18.4748,
06_40,NO3_MG_L,Nitrate in groundwater,MG_L,mg NO3 per litre,PT,Portugal,2005,18.8474,
06_40,NO3_MG_L,Nitrate in groundwater,MG_L,mg NO3 per litre,PT,Portugal,2006,22.358,
06_40,NO3_MG_L,Nitrate in groundwater,MG_L,mg NO3 per litre,PT,Portugal,2007,20.7175,
06_40,NO3_MG_L,Nitrate in groundwater,MG_L,mg NO3 per litre,PT,Portugal,2008,18.0549,
06_40,NO3_MG_L,Nitrate in groundwater,MG_L,mg NO3 per litre,PT,Portugal,2009,18.2004,
06_40,NO3_MG_L,Nitrate in groundwater,MG_L,mg NO3 per litre,PT,Portugal,2010,23.0183,
06_40,NO3_MG_L,Nitrate in groundwater,MG_L,mg NO3 per litre,PT,Portugal,2011,18.5166,
06_40,NO3_MG_L,Nitrate in groundwater,MG_L,mg NO3 per litre,PT,Portugal,2012,20.4648,
06_40,NO3_MG_L,Nitrate in groundwater,MG_L,mg NO3 per litre,PT,Portugal,2013,17.3259,
06_40,NO3_MG_L,Nitrate in groundwater,MG_L,mg NO3 per litre,PT,Portugal,2014,14.8791,
06_40,NO3_MG_L,Nitrate in groundwater,MG_L,mg NO3 per litre,PT,Portugal,2015,16.7646,
06_40,NO3_MG_L,Nitrate in groundwater,MG_L,mg NO3 per litre,PT,Portugal,2016,19.3159,
06_40,NO3_MG_L,Nitrate in groundwater,MG_L,mg NO3 per litre,PT,Portugal,2017,18.4577,
06_40,NO3_MG_L,Nitrate in groundwater,MG_L,mg NO3 per litre,PT,Portugal,2018,18.2837,
06_40,NO3_MG_L,Nitrate in groundwater,MG_L,mg NO3 per litre,PT,Portugal,2019,17.9922,
06_40,NO3_MG_L,Nitrate in groundwater,MG_L,mg NO3 per litre,PT,Portugal,2020,21.4699,
06_40,NO3_MG_L,Nitrate in groundwater,MG_L,mg NO3 per litre,PT,Portugal,2021,22.5604,
06_40,NO3_MG_L,Nitrate in groundwater,MG_L,mg NO3 per litre,PT,Portugal,2022,23.4162,
06_40,NO3_MG_L,Nitrate in groundwater,MG_L,mg NO3 per litre,RS,Serbia,2000,4.84166,
06_40,NO3_MG_L,Nitrate in groundwater,MG_L,mg NO3 per litre,RS,Serbia,2001,4.84166,
06_40,NO3_MG_L,Nitrate in groundwater,MG_L,mg NO3 per litre,RS,Serbia,2002,4.84166,
06_40,NO3_MG_L,Nitrate in groundwater,MG_L,mg NO3 per litre,RS,Serbia,2003,4.84166,
06_40,NO3_MG_L,Nitrate in groundwater,MG_L,mg NO3 per litre,RS,Serbia,2004,2.77514,
06_40,NO3_MG_L,Nitrate in groundwater,MG_L,mg NO3 per litre,RS,Serbia,2005,5.15314,
06_40,NO3_MG_L,Nitrate in groundwater,MG_L,mg NO3 per litre,RS,Serbia,2006,7.08152,
06_40,NO3_MG_L,Nitrate in groundwater,MG_L,mg NO3 per litre,RS,Serbia,2007,3.37666,
06_40,NO3_MG_L,Nitrate in groundwater,MG_L,mg NO3 per litre,RS,Serbia,2008,4.14822,
06_40,NO3_MG_L,Nitrate in groundwater,MG_L,mg NO3 per litre,RS,Serbia,2009,3.80253,
06_40,NO3_MG_L,Nitrate in groundwater,MG_L,mg NO3 per litre,RS,Serbia,2010,2.35524,
06_40,NO3_MG_L,Nitrate in groundwater,MG_L,mg NO3 per litre,RS,Serbia,2011,2.47188,
06_40,NO3_MG_L,Nitrate in groundwater,MG_L,mg NO3 per litre,RS,Serbia,2012,1.90198,
06_40,NO3_MG_L,Nitrate in groundwater,MG_L,mg NO3 per litre,RS,Serbia,2013,5.19683,
06_40,NO3_MG_L,Nitrate in groundwater,MG_L,mg NO3 per litre,RS,Serbia,2014,8.42869,
06_40,NO3_MG_L,Nitrate in groundwater,MG_L,mg NO3 per litre,RS,Serbia,2015,13.1039,
06_40,NO3_MG_L,Nitrate in groundwater,MG_L,mg NO3 per litre,RS,Serbia,2016,16.8882,
06_40,NO3_MG_L,Nitrate in groundwater,MG_L,mg NO3 per litre,RS,Serbia,2017,11.5777,
06_40,NO3_MG_L,Nitrate in groundwater,MG_L,mg NO3 per litre,RS,Serbia,2018,7.55754,
06_40,NO3_MG_L,Nitrate in groundwater,MG_L,mg NO3 per litre,RS,Serbia,2019,7.55222,
06_40,NO3_MG_L,Nitrate in groundwater,MG_L,mg NO3 per litre,RS,Serbia,2020,11.596,
06_40,NO3_MG_L,Nitrate in groundwater,MG_L,mg NO3 per litre,RS,Serbia,2021,10.949,
06_40,NO3_MG_L,Nitrate in groundwater,MG_L,mg NO3 per litre,RS,Serbia,2022,7.41897,
06_40,NO3_MG_L,Nitrate in groundwater,MG_L,mg NO3 per litre,SI,Slovenia,2000,14.9992,
06_40,NO3_MG_L,Nitrate in groundwater,MG_L,mg NO3 per litre,SI,Slovenia,2001,17.2111,
06_40,NO3_MG_L,Nitrate in groundwater,MG_L,mg NO3 per litre,SI,Slovenia,2002,18.8019,
06_40,NO3_MG_L,Nitrate in groundwater,MG_L,mg NO3 per litre,SI,Slovenia,2003,16.5779,
06_40,NO3_MG_L,Nitrate in groundwater,MG_L,mg NO3 per litre,SI,Slovenia,2004,17.678,
06_40,NO3_MG_L,Nitrate in groundwater,MG_L,mg NO3 per litre,SI,Slovenia,2005,17.7098,
06_40,NO3_MG_L,Nitrate in groundwater,MG_L,mg NO3 per litre,SI,Slovenia,2006,18.92,
06_40,NO3_MG_L,Nitrate in groundwater,MG_L,mg NO3 per litre,SI,Slovenia,2007,14.4972,
06_40,NO3_MG_L,Nitrate in groundwater,MG_L,mg NO3 per litre,SI,Slovenia,2008,14.899,
06_40,NO3_MG_L,Nitrate in groundwater,MG_L,mg NO3 per litre,SI,Slovenia,2009,14.7989,
06_40,NO3_MG_L,Nitrate in groundwater,MG_L,mg NO3 per litre,SI,Slovenia,2010,14.0917,
06_40,NO3_MG_L,Nitrate in groundwater,MG_L,mg NO3 per litre,SI,Slovenia,2011,13.843,
06_40,NO3_MG_L,Nitrate in groundwater,MG_L,mg NO3 per litre,SI,Slovenia,2012,13.567,
06_40,NO3_MG_L,Nitrate in groundwater,MG_L,mg NO3 per litre,SI,Slovenia,2013,14.8596,
06_40,NO3_MG_L,Nitrate in groundwater,MG_L,mg NO3 per litre,SI,Slovenia,2014,13.8481,
06_40,NO3_MG_L,Nitrate in groundwater,MG_L,mg NO3 per litre,SI,Slovenia,2015,12.8397,
06_40,NO3_MG_L,Nitrate in groundwater,MG_L,mg NO3 per litre,SI,Slovenia,2016,14.1761,
06_40,NO3_MG_L,Nitrate in groundwater,MG_L,mg NO3 per litre,SI,Slovenia,2017,13.3053,
06_40,NO3_MG_L,Nitrate in groundwater,MG_L,mg NO3 per litre,SI,Slovenia,2018,14.3769,
06_40,NO3_MG_L,Nitrate in groundwater,MG_L,mg NO3 per litre,SI,Slovenia,2019,12.5835,
06_40,NO3_MG_L,Nitrate in groundwater,MG_L,mg NO3 per litre,SI,Slovenia,2020,12.4473,
06_40,NO3_MG_L,Nitrate in groundwater,MG_L,mg NO3 per litre,SI,Slovenia,2021,14.0509,
06_40,NO3_MG_L,Nitrate in groundwater,MG_L,mg NO3 per litre,SI,Slovenia,2022,12.9863,
06_40,NO3_MG_L,Nitrate in groundwater,MG_L,mg NO3 per litre,SK,Slovakia,2000,19.3413,
06_40,NO3_MG_L,Nitrate in groundwater,MG_L,mg NO3 per litre,SK,Slovakia,2001,20.2078,
06_40,NO3_MG_L,Nitrate in groundwater,MG_L,mg NO3 per litre,SK,Slovakia,2002,15.166,
06_40,NO3_MG_L,Nitrate in groundwater,MG_L,mg NO3 per litre,SK,Slovakia,2003,14.4181,
06_40,NO3_MG_L,Nitrate in groundwater,MG_L,mg NO3 per litre,SK,Slovakia,2004,21.839,
06_40,NO3_MG_L,Nitrate in groundwater,MG_L,mg NO3 per litre,SK,Slovakia,2005,19.6791,
06_40,NO3_MG_L,Nitrate in groundwater,MG_L,mg NO3 per litre,SK,Slovakia,2006,21.203,
06_40,NO3_MG_L,Nitrate in groundwater,MG_L,mg NO3 per litre,SK,Slovakia,2007,18.3889,
06_40,NO3_MG_L,Nitrate in groundwater,MG_L,mg NO3 per litre,SK,Slovakia,2008,18.9834,
06_40,NO3_MG_L,Nitrate in groundwater,MG_L,mg NO3 per litre,SK,Slovakia,2009,19.0295,
06_40,NO3_MG_L,Nitrate in groundwater,MG_L,mg NO3 per litre,SK,Slovakia,2010,24.6856,
06_40,NO3_MG_L,Nitrate in groundwater,MG_L,mg NO3 per litre,SK,Slovakia,2011,14.2442,
06_40,NO3_MG_L,Nitrate in groundwater,MG_L,mg NO3 per litre,SK,Slovakia,2012,15.9194,
06_40,NO3_MG_L,Nitrate in groundwater,MG_L,mg NO3 per litre,SK,Slovakia,2013,20.0995,
06_40,NO3_MG_L,Nitrate in groundwater,MG_L,mg NO3 per litre,SK,Slovakia,2014,17.9481,
06_40,NO3_MG_L,Nitrate in groundwater,MG_L,mg NO3 per litre,SK,Slovakia,2015,19.8526,
06_40,NO3_MG_L,Nitrate in groundwater,MG_L,mg NO3 per litre,SK,Slovakia,2016,16.1737,
06_40,NO3_MG_L,Nitrate in groundwater,MG_L,mg NO3 per litre,SK,Slovakia,2017,15.8673,
06_40,NO3_MG_L,Nitrate in groundwater,MG_L,mg NO3 per litre,SK,Slovakia,2018,18.0129,
06_40,NO3_MG_L,Nitrate in groundwater,MG_L,mg NO3 per litre,SK,Slovakia,2019,16.2544,
06_40,NO3_MG_L,Nitrate in groundwater,MG_L,mg NO3 per litre,SK,Slovakia,2020,18.874,
06_40,NO3_MG_L,Nitrate in groundwater,MG_L,mg NO3 per litre,SK,Slovakia,2021,18.0772,
06_40,NO3_MG_L,Nitrate in groundwater,MG_L,mg NO3 per litre,SK,Slovakia,2022,18.7377,